test-queryId,test-search,100,50,0,0,1,50,1,50,1831,0
test-queryId,test-search,100,50,0,0,101,150,51,100,1182,0
test-queryId,test-search,100,50,0,0,151,200,151,200,1831,0
test-queryId,test-search,100,50,0,0,251,300,251,300,1182,0
test-queryId,test-search,100,50,0,0,301,350,350,301,1182,0
test-queryId,test-search,100,50,0,0,350,301,301,350,1182,0
test-queryId,test-search,100,50,0,0,351,400,351,400,1182,0
test-queryId,test-search,100,50,0,0,351,400,401,450,1182,0
test-queryId,test-search,100,50,0,0,351,400,451,500,1182,0
test-queryId,test-search,100,50,0,0,401,450,501,550,1182,0
test-queryId,test-search,100,50,0,0,451,500,501,550,1182,0
test-queryId,test-search,100,50,0,0,501,550,501,550,1182,0
test-queryId,test-search,100,50,0,0,551,600,551,600,1182,0
test-queryId,test-search,100,50,0,0,601,650,601,650,1182,0
test-queryId,test-search,100,50,0,0,551,600,651,700,1182,0
